{"algorithm": "CausalGuidedGA", "benchmark": "telecom_adpcm_c", "generation": 50, "population": 10, "curve": [-1.0467028704422032, -1.0890231950343026, -1.0890231950343026, -1.0890231950343026, -1.0890231950343026, -1.0890231950343026, -1.0890231950343026, -1.0890231950343026, -1.0890231950343026, -1.0890231950343026, -1.0890231950343026, -1.0890231950343026, -1.0890231950343026, -1.0890231950343026, -1.0890231950343026, -1.0890231950343026, -1.0890231950343026, -1.0890231950343026, -1.0890231950343026, -1.0890231950343026, -1.0890231950343026, -1.0890231950343026, -1.0890231950343026, -1.0890231950343026, -1.0890231950343026, -1.0890231950343026, -1.0890231950343026, -1.0890231950343026, -1.0988266402247562, -1.0988266402247562, -1.0988266402247562, -1.0988266402247562, -1.0988266402247562, -1.0988266402247562, -1.0988266402247562, -1.0988266402247562, -1.0988266402247562, -1.0988266402247562, -1.0988266402247562, -1.0988266402247562, -1.0988266402247562, -1.117493897477624, -1.117493897477624, -1.117493897477624, -1.117493897477624, -1.117493897477624, -1.117493897477624, -1.117493897477624, -1.117493897477624, -1.117493897477624], "best_flags": [0, 0, 0, 0, 0, 0, 0, 0, 0, 0, 0, 1, 1, 0, 0, 1, 0, 0, 0, 0, 1, 0], "min_time": -1.117493897477624, "cost_time": 8135.4512684345245}