{"algorithm": "CausalGuidedGA", "benchmark": "symm", "generation": 50, "population": 10, "curve": [-2.1638618888727694, -2.180882242428797, -2.180882242428797, -2.183981594650945, -2.183981594650945, -2.183981594650945, -2.183981594650945, -2.183981594650945, -2.183981594650945, -2.183981594650945, -2.183981594650945, -2.183981594650945, -2.183981594650945, -2.183981594650945, -2.183981594650945, -2.2654368632293918, -2.267107553080404, -2.3403043308622706, -2.3403043308622706, -2.3403043308622706, -2.3403043308622706, -2.3403043308622706, -2.3403043308622706, -2.3403043308622706, -2.3403043308622706, -2.3403043308622706, -2.3403043308622706, -2.3403043308622706, -2.3403043308622706, -2.3403043308622706, -2.3403043308622706, -2.3403043308622706, -2.3403043308622706, -2.3403043308622706, -2.3403043308622706, -2.3403043308622706, -2.3403043308622706, -2.3403043308622706, -2.3403043308622706, -2.3403043308622706, -2.3403043308622706, -2.3403043308622706, -2.3403043308622706, -2.3403043308622706, -2.3403043308622706, -2.3403043308622706, -2.4388428483732354, -2.4388428483732354, -2.4388428483732354, -2.4388428483732354], "best_flags": [0, 0, 1, 0, 1, 0, 1, 0, 0, 0, 1, 0, 0, 1, 1, 1, 1, 1, 1, 0, 0, 1], "min_time": -2.4388428483732354, "cost_time": 22355.268615961075}