{"algorithm": "CausalGuidedGA", "benchmark": "2mm", "generation": 50, "population": 10, "curve": [-1.006472841037812, -1.006472841037812, -1.006472841037812, -1.006472841037812, -1.006472841037812, -1.006472841037812, -1.022918918918919, -1.022918918918919, -1.022918918918919, -1.022918918918919, -1.022918918918919, -1.022918918918919, -1.022918918918919, -1.022918918918919, -1.022918918918919, -1.022918918918919, -1.022918918918919, -1.022918918918919, -1.022918918918919, -1.022918918918919, -1.022918918918919, -1.0273238129607671, -1.0273238129607671, -1.0273238129607671, -1.0273238129607671, -1.0273238129607671, -1.0273238129607671, -1.0273238129607671, -1.0273238129607671, -1.0273238129607671, -1.0273238129607671, -1.0273238129607671, -1.0273238129607671, -1.0273238129607671, -1.0273238129607671, -1.0273238129607671, -1.0273238129607671, -1.0273238129607671, -1.0273238129607671, -1.0273238129607671, -1.0273238129607671, -1.0273238129607671, -1.0273238129607671, -1.0273238129607671, -1.0273238129607671, -1.0273238129607671, -1.0273238129607671, -1.0273238129607671, -1.0273238129607671, -1.0273238129607671], "best_flags": [0, 0, 0, 0, 0, 0, 0, 1, 0, 0, 0, 0, 0, 1, 0, 0, 0, 1, 0, 0, 1, 1], "min_time": -1.0273238129607671, "cost_time": 19530.605355739594}