{"algorithm": "CausalGuidedGA", "benchmark": "security_blowfish_e", "generation": 50, "population": 10, "curve": [-1.1625786163522012, -1.1625786163522012, -1.1625786163522012, -1.1625786163522012, -1.1625786163522012, -1.1625786163522012, -1.1625786163522012, -1.1625786163522012, -1.1625786163522012, -1.1625786163522012, -1.1625786163522012, -1.1625786163522012, -1.1625786163522012, -1.1625786163522012, -1.1625786163522012, -1.1625786163522012, -1.1625786163522012, -1.1682098765432098, -1.1878125, -1.1878125, -1.1878125, -1.1878125, -1.1878125, -1.1878125, -1.1878125, -1.1878125, -1.1878125, -1.1878125, -1.1878125, -1.1878125, -1.1878125, -1.1878125, -1.1878125, -1.1878125, -1.1878125, -1.1878125, -1.1878125, -1.1878125, -1.1878125, -1.1986340352874219, -1.1986340352874219, -1.1986340352874219, -1.1986340352874219, -1.1986340352874219, -1.1986340352874219, -1.1986340352874219, -1.1986340352874219, -1.1986340352874219, -1.1986340352874219, -1.1986340352874219], "best_flags": [0, 1, 0, 0, 1, 1, 0, 0, 1, 0, 1, 0, 1, 0, 1, 1, 1, 0, 0, 0, 1, 0], "min_time": -1.1986340352874219, "cost_time": 4325.493939638138}