{"algorithm": "CausalGuidedGA", "benchmark": "network_dijkstra", "generation": 50, "population": 10, "curve": [-1.4694577899794097, -1.563312101910828, -1.563312101910828, -1.563312101910828, -1.563312101910828, -1.563312101910828, -1.7076726342710995, -1.7076726342710995, -1.7076726342710995, -1.7076726342710995, -1.7076726342710995, -1.7076726342710995, -1.7076726342710995, -1.7076726342710995, -1.7076726342710995, -1.7877786952931463, -1.7877786952931463, -1.7877786952931463, -1.7877786952931463, -1.7877786952931463, -1.938095238095238, -1.938095238095238, -1.938095238095238, -1.938095238095238, -1.938095238095238, -1.938095238095238, -1.938095238095238, -1.938095238095238, -1.938095238095238, -1.938095238095238, -1.938095238095238, -1.938095238095238, -1.938095238095238, -1.938095238095238, -1.938095238095238, -1.938095238095238, -1.938095238095238, -1.938095238095238, -1.938095238095238, -1.938095238095238, -1.938095238095238, -1.938095238095238, -1.938095238095238, -1.938095238095238, -1.938095238095238, -1.938095238095238, -1.938095238095238, -1.938095238095238, -1.938095238095238, -1.938095238095238], "best_flags": [0, 0, 0, 1, 0, 0, 0, 0, 0, 1, 0, 1, 0, 1], "min_time": -1.938095238095238, "cost_time": 5711.809926509857}