{"algorithm": "CausalGuidedGA", "benchmark": "bicg", "generation": 50, "population": 10, "curve": [-0.8807339449541285, -0.8807339449541285, -0.8807339449541285, -0.8807339449541285, -1.3, -1.3, -1.3, -1.3, -1.4307692307692308, -1.4307692307692308, -1.4307692307692308, -1.4307692307692308, -1.4307692307692308, -1.4307692307692308, -1.4307692307692308, -1.4307692307692308, -1.4307692307692308, -1.4307692307692308, -1.4307692307692308, -1.4307692307692308, -1.4307692307692308, -1.4307692307692308, -1.4307692307692308, -1.4307692307692308, -1.4307692307692308, -1.4307692307692308, -1.4307692307692308, -1.4307692307692308, -1.4307692307692308, -1.4307692307692308, -1.4307692307692308, -1.4307692307692308, -1.4307692307692308, -1.4307692307692308, -1.4307692307692308, -1.4307692307692308, -1.4307692307692308, -1.4307692307692308, -1.4307692307692308, -1.4307692307692308, -1.4307692307692308, -1.4307692307692308, -1.4307692307692308, -2.0, -2.0, -2.0, -2.0, -2.0, -2.0, -2.0], "best_flags": [1, 1, 0, 0, 0, 0, 0, 0, 1, 1, 1, 0, 0, 1, 0, 1, 0, 0, 0, 0, 1, 0], "min_time": -2.0, "cost_time": 434.6316635608673}