{"algorithm": "CausalGuidedGA", "benchmark": "telecom_CRC32", "generation": 50, "population": 10, "curve": [-1.2660926609266092, -1.2870689655172416, -1.5685279187817258, -1.5685279187817258, -1.5685279187817258, -1.5685279187817258, -1.5685279187817258, -1.5685279187817258, -1.5685279187817258, -1.5685279187817258, -1.5685279187817258, -1.5685279187817258, -1.5685279187817258, -1.5685279187817258, -1.5685279187817258, -1.5685279187817258, -1.5685279187817258, -1.5685279187817258, -1.5685279187817258, -1.5685279187817258, -1.5685279187817258, -1.6315789473684212, -1.6315789473684212, -1.6315789473684212, -1.6315789473684212, -1.6315789473684212, -1.6315789473684212, -1.6315789473684212, -1.6315789473684212, -1.6315789473684212, -1.6315789473684212, -1.6315789473684212, -1.6315789473684212, -1.6315789473684212, -1.6315789473684212, -1.6315789473684212, -1.6315789473684212, -1.6315789473684212, -1.6315789473684212, -1.6315789473684212, -1.6315789473684212, -1.6315789473684212, -1.6315789473684212, -1.6315789473684212, -1.6315789473684212, -1.6315789473684212, -1.6315789473684212, -1.6315789473684212, -1.6315789473684212, -1.6315789473684212], "best_flags": [1, 1, 1, 1, 0, 1, 1, 1, 1, 0, 0, 1, 1, 0, 1, 1, 0, 0, 0, 0, 1, 1], "min_time": -1.6315789473684212, "cost_time": 2958.9607179164886}