{"algorithm": "CausalGuidedGA", "benchmark": "automotive_qsort1", "generation": 50, "population": 10, "curve": [-0.9966777408637874, -1.0028686173264485, -1.0028686173264485, -1.0028686173264485, -1.0028686173264485, -1.0028686173264485, -1.0028686173264485, -1.0538599640933572, -1.0565217391304347, -1.0565217391304347, -1.0565217391304347, -1.0565217391304347, -1.0565217391304347, -1.0565217391304347, -1.0565217391304347, -1.0618087182823683, -1.0618087182823683, -1.0618087182823683, -1.0618087182823683, -1.2083333333333333, -1.2083333333333333, -1.2083333333333333, -1.2083333333333333, -1.2083333333333333, -1.2210663198959686, -1.2210663198959686, -1.2210663198959686, -1.2210663198959686, -1.2210663198959686, -1.2210663198959686, -1.2210663198959686, -1.2210663198959686, -1.2210663198959686, -1.2210663198959686, -1.2210663198959686, -1.2210663198959686, -1.2210663198959686, -1.2210663198959686, -1.2210663198959686, -1.2210663198959686, -1.2210663198959686, -1.2210663198959686, -1.2210663198959686, -1.2210663198959686, -1.2210663198959686, -1.2210663198959686, -1.2210663198959686, -1.2210663198959686, -1.2210663198959686, -1.2210663198959686], "best_flags": [0, 0, 0, 0, 0, 1, 1, 0, 0, 0, 0, 1, 0, 0, 1, 1, 1, 0, 0, 1, 0, 0], "min_time": -1.2210663198959686, "cost_time": 2147.9250044822693}