{"algorithm": "CausalGuidedGA", "benchmark": "consumer_jpeg_d", "generation": 50, "population": 10, "curve": [-2.35548686244204, -2.35548686244204, -2.35548686244204, -2.35548686244204, -2.35548686244204, -2.35548686244204, -2.35548686244204, -2.35548686244204, -2.35548686244204, -2.35548686244204, -2.35548686244204, -2.35548686244204, -2.35548686244204, -2.35548686244204, -2.35548686244204, -2.35548686244204, -2.35548686244204, -2.35548686244204, -2.35548686244204, -2.35548686244204, -2.35548686244204, -2.35548686244204, -2.35548686244204, -2.35548686244204, -2.35548686244204, -2.35548686244204, -2.35548686244204, -2.35548686244204, -2.35548686244204, -2.35548686244204, -2.35548686244204, -2.35548686244204, -2.35548686244204, -2.35548686244204, -2.35548686244204, -2.35548686244204, -2.35548686244204, -2.35548686244204, -2.35548686244204, -2.35548686244204, -2.35548686244204, -2.35548686244204, -2.35548686244204, -2.35548686244204, -2.35548686244204, -2.35548686244204, -2.35548686244204, -2.35548686244204, -2.35548686244204, -2.35548686244204], "best_flags": [0, 0, 0, 0, 0, 0, 1, 0, 0, 0, 0, 1, 0, 0, 0, 0, 0, 0, 0, 1, 0, 0], "min_time": -2.35548686244204, "cost_time": 5627.808092594147}