{"algorithm": "CausalGuidedGA", "benchmark": "correlation", "generation": 50, "population": 10, "curve": [-1.2585602973765102, -1.2585602973765102, -1.2585602973765102, -1.5033670804892574, -1.5033670804892574, -1.682318181818182, -1.682318181818182, -1.682318181818182, -1.682318181818182, -1.682318181818182, -1.71473729175566, -1.71473729175566, -1.71473729175566, -1.71473729175566, -1.71473729175566, -1.71473729175566, -1.71473729175566, -1.8079330987524564, -1.8079330987524564, -1.8079330987524564, -1.8079330987524564, -1.8079330987524564, -1.8079330987524564, -1.8079330987524564, -1.8079330987524564, -1.8079330987524564, -1.8079330987524564, -1.8079330987524564, -1.8079330987524564, -1.8079330987524564, -1.8079330987524564, -1.8079330987524564, -1.8079330987524564, -1.8079330987524564, -1.8831914893617023, -1.8831914893617023, -1.8831914893617023, -1.8831914893617023, -1.8831914893617023, -1.8831914893617023, -1.8831914893617023, -1.8831914893617023, -1.8831914893617023, -1.8831914893617023, -1.8831914893617023, -1.8831914893617023, -1.8831914893617023, -1.8831914893617023, -1.8831914893617023, -1.8831914893617023], "best_flags": [1, 0, 1, 0, 0, 0, 0, 1, 0, 0, 1, 1, 0, 1, 1, 0, 0, 0, 0, 0, 0, 0], "min_time": -1.8831914893617023, "cost_time": 29417.066573381424}