{"algorithm": "CausalGuidedGA", "benchmark": "3mm", "generation": 50, "population": 10, "curve": [-1.4595202398800597, -1.4595202398800597, -1.4595202398800597, -1.4595202398800597, -1.4595202398800597, -1.4595202398800597, -1.4595202398800597, -14904.5, -14904.5, -14904.5, -14904.5, -14904.5, -14904.5, -14904.5, -14904.5, -14904.5, -14904.5, -14904.5, -14904.5, -14904.5, -14904.5, -14904.5, -14904.5, -30924.0, -30924.0, -30924.0, -30924.0, -30924.0, -30924.0, -31033.0, -31033.0, -31033.0, -31033.0, -31033.0, -31033.0, -31033.0, -31033.0, -31033.0, -31033.0, -31033.0, -31033.0, -31033.0, -31033.0, -31033.0, -31033.0, -31033.0, -31033.0, -31033.0, -31033.0, -31033.0], "best_flags": [0, 0, 0, 0, 0, 0, 0, 0, 0, 0, 0, 1, 0, 0, 0, 1, 1, 1, 1, 1, 0, 0], "min_time": -31033.0, "cost_time": 22193.06151819229}